0,Overall Qual
1,Gr Liv Area
2,Exter Qual
3,Electrical
4,Paved Drive
5,Land Slope
6,Pool Area
7,Garage Area
8,Order
9,Heating QC
10,Functional
11,Wood Deck SF
12,1st Flr SF
13,Enclosed Porch
14,Kitchen AbvGr
15,Bedroom AbvGr
16,TotRms AbvGrd
17,Screen Porch
18,Total Bsmt SF
19,BsmtFin SF 2
20,Lot Area
21,3Ssn Porch
22,Exter Cond
23,Full Bath
24,Half Bath
25,Misc Val
26,Open Porch SF
27,Utilities
28,Bsmt Unf SF
29,Lot Shape
30,BsmtFin SF 1
31,Mo Sold
32,Low Qual Fin SF
33,Garage Cars
34,Yr Sold
35,Kitchen Qual
36,2nd Flr SF
37,Overall Cond
38,Year Remod/Add
39,Sale Type_COD
40,Sale Type_CWD
41,Sale Type_Con
42,Sale Type_ConLD
43,Sale Type_ConLI
44,Sale Type_ConLw
45,Sale Type_New
46,Sale Type_Oth
47,Sale Type_VWD
48,Sale Type_WD 
49,Street_Grvl
50,Street_Pave
51,Year Built_after_1970
52,Year Built_before_1970
53,Land Contour_Bnk
54,Land Contour_HLS
55,Land Contour_Low
56,Land Contour_Lvl
57,Condition 1_Artery
58,Condition 1_Feedr
59,Condition 1_Norm
60,Condition 1_PosA
61,Condition 1_PosN
62,Condition 1_RRAe
63,Condition 1_RRAn
64,Condition 1_RRNe
65,Condition 1_RRNn
66,Bldg Type_1Fam
67,Bldg Type_2fmCon
68,Bldg Type_Duplex
69,Bldg Type_Twnhs
70,Bldg Type_TwnhsE
71,MS SubClass_1-1/2 STORY - UNFINISHED ALL AGES
72,MS SubClass_1-1/2 STORY FINISHED ALL AGES
73,MS SubClass_1-1/2 STORY PUD - ALL AGES
74,MS SubClass_1-STORY 1945 & OLDER
75,MS SubClass_1-STORY 1946 & NEWER ALL STYLES
76,MS SubClass_1-STORY PUD (Planned Unit Development) - 1946 & NEWER
77,MS SubClass_1-STORY W/FINISHED ATTIC ALL AGES
78,MS SubClass_2 FAMILY CONVERSION - ALL STYLES AND AGES
79,MS SubClass_2-1/2 STORY ALL AGES
80,MS SubClass_2-STORY 1945 & OLDER
81,MS SubClass_2-STORY 1946 & NEWER
82,MS SubClass_2-STORY PUD - 1946 & NEWER
83,MS SubClass_DUPLEX - ALL STYLES AND AGES
84,MS SubClass_PUD - MULTILEVEL - INCL SPLIT LEV/FOYER
85,MS SubClass_SPLIT FOYER
86,MS SubClass_SPLIT OR MULTI-LEVEL
87,Central Air_N
88,Central Air_Y
89,Condition 2_Artery
90,Condition 2_Feedr
91,Condition 2_Norm
92,Condition 2_PosA
93,Condition 2_PosN
94,Condition 2_RRAe
95,Condition 2_RRAn
96,Condition 2_RRNn
97,MS Zoning_A (agr)
98,MS Zoning_C (all)
99,MS Zoning_FV
100,MS Zoning_I (all)
101,MS Zoning_RH
102,MS Zoning_RL
103,MS Zoning_RM
104,Foundation_BrkTil
105,Foundation_CBlock
106,Foundation_PConc
107,Foundation_Slab
108,Foundation_Stone
109,Foundation_Wood
110,House Style_1.5Fin
111,House Style_1.5Unf
112,House Style_1Story
113,House Style_2.5Fin
114,House Style_2.5Unf
115,House Style_2Story
116,House Style_SFoyer
117,House Style_SLvl
118,Roof Style_Flat
119,Roof Style_Gable
120,Roof Style_Gambrel
121,Roof Style_Hip
122,Roof Style_Mansard
123,Roof Style_Shed
124,Sale Condition_Abnorml
125,Sale Condition_AdjLand
126,Sale Condition_Alloca
127,Sale Condition_Family
128,Sale Condition_Normal
129,Sale Condition_Partial
130,Exterior 2nd_AsbShng
131,Exterior 2nd_AsphShn
132,Exterior 2nd_Brk Cmn
133,Exterior 2nd_BrkFace
134,Exterior 2nd_CBlock
135,Exterior 2nd_CmentBd
136,Exterior 2nd_HdBoard
137,Exterior 2nd_ImStucc
138,Exterior 2nd_MetalSd
139,Exterior 2nd_Plywood
140,Exterior 2nd_PreCast
141,Exterior 2nd_Stone
142,Exterior 2nd_Stucco
143,Exterior 2nd_VinylSd
144,Exterior 2nd_Wd Sdng
145,Exterior 2nd_Wd Shng
146,PID_526301100
147,PID_526302030
148,PID_526302040
149,PID_526302110
150,PID_526302120
151,PID_526303060
152,PID_526350040
153,PID_526351010
154,PID_526351100
155,PID_526352080
156,PID_526352090
157,PID_526353030
158,PID_526353050
159,PID_526354020
160,PID_526354070
161,PID_526355080
162,PID_526355170
163,PID_526355190
164,PID_527105010
165,PID_527105030
166,PID_527105050
167,PID_527105060
168,PID_527105070
169,PID_527105130
170,PID_527105140
171,PID_527106010
172,PID_527106050
173,PID_527106140
174,PID_527107010
175,PID_527107020
176,PID_527107030
177,PID_527107040
178,PID_527107120
179,PID_527107240
180,PID_527108010
181,PID_527108020
182,PID_527108030
183,PID_527108040
184,PID_527108060
185,PID_527108070
186,PID_527108090
187,PID_527110020
188,PID_527110080
189,PID_527110120
190,PID_527110130
191,PID_527127140
192,PID_527127150
193,PID_527131030
194,PID_527131110
195,PID_527132090
196,PID_527140090
197,PID_527145080
198,PID_527145090
199,PID_527146030
200,PID_527146135
201,PID_527158020
202,PID_527158090
203,PID_527161090
204,PID_527162080
205,PID_527162090
206,PID_527162110
207,PID_527162120
208,PID_527162180
209,PID_527163020
210,PID_527163040
211,PID_527163070
212,PID_527163080
213,PID_527163130
214,PID_527164020
215,PID_527164060
216,PID_527164120
217,PID_527165010
218,PID_527165100
219,PID_527165130
220,PID_527165170
221,PID_527165230
222,PID_527166010
223,PID_527166030
224,PID_527166040
225,PID_527175130
226,PID_527180040
227,PID_527180100
228,PID_527182040
229,PID_527182110
230,PID_527182170
231,PID_527183030
232,PID_527183060
233,PID_527184110
234,PID_527190050
235,PID_527190220
236,PID_527208010
237,PID_527210030
238,PID_527210040
239,PID_527210060
240,PID_527212030
241,PID_527212050
242,PID_527212060
243,PID_527214030
244,PID_527214050
245,PID_527214060
246,PID_527216010
247,PID_527216080
248,PID_527225035
249,PID_527226010
250,PID_527226020
251,PID_527226040
252,PID_527250040
253,PID_527252050
254,PID_527252070
255,PID_527252080
256,PID_527252090
257,PID_527254020
258,PID_527256030
259,PID_527256040
260,PID_527256120
261,PID_527258010
262,PID_527258020
263,PID_527276150
264,PID_527276160
265,PID_527301010
266,PID_527301080
267,PID_527301170
268,PID_527301245
269,PID_527301280
270,PID_527301320
271,PID_527302020
272,PID_527302050
273,PID_527302070
274,PID_527302080
275,PID_527302090
276,PID_527302110
277,PID_527302175
278,PID_527302185
279,PID_527302210
280,PID_527325070
281,PID_527325090
282,PID_527325160
283,PID_527325240
284,PID_527326040
285,PID_527326130
286,PID_527326150
287,PID_527327050
288,PID_527327080
289,PID_527328010
290,PID_527328020
291,PID_527328050
292,PID_527352150
293,PID_527353020
294,PID_527353060
295,PID_527353080
296,PID_527354100
297,PID_527354160
298,PID_527354200
299,PID_527355060
300,PID_527355150
301,PID_527355280
302,PID_527356020
303,PID_527356050
304,PID_527356060
305,PID_527357020
306,PID_527357110
307,PID_527357180
308,PID_527358060
309,PID_527358090
310,PID_527358120
311,PID_527358140
312,PID_527358200
313,PID_527359010
314,PID_527359030
315,PID_527359050
316,PID_527359070
317,PID_527359080
318,PID_527359160
319,PID_527359180
320,PID_527364030
321,PID_527365010
322,PID_527365030
323,PID_527368010
324,PID_527375100
325,PID_527375160
326,PID_527375180
327,PID_527375210
328,PID_527376090
329,PID_527376100
330,PID_527376110
331,PID_527377030
332,PID_527377110
333,PID_527378010
334,PID_527378020
335,PID_527378140
336,PID_527380240
337,PID_527401130
338,PID_527401160
339,PID_527402060
340,PID_527402090
341,PID_527402130
342,PID_527402210
343,PID_527402220
344,PID_527402240
345,PID_527402250
346,PID_527402380
347,PID_527403020
348,PID_527403040
349,PID_527403120
350,PID_527403310
351,PID_527403360
352,PID_527404020
353,PID_527404050
354,PID_527404100
355,PID_527404120
356,PID_527404140
357,PID_527404180
358,PID_527405130
359,PID_527425025
360,PID_527425035
361,PID_527425060
362,PID_527425090
363,PID_527425110
364,PID_527425140
365,PID_527427090
366,PID_527427200
367,PID_527427210
368,PID_527427230
369,PID_527450010
370,PID_527450080
371,PID_527450110
372,PID_527450150
373,PID_527450210
374,PID_527450220
375,PID_527450250
376,PID_527450280
377,PID_527450520
378,PID_527451060
379,PID_527451110
380,PID_527451170
381,PID_527451180
382,PID_527451200
383,PID_527451290
384,PID_527451320
385,PID_527451380
386,PID_527451400
387,PID_527451410
388,PID_527451450
389,PID_527451460
390,PID_527451520
391,PID_527451540
392,PID_527451550
393,PID_527451640
394,PID_527451650
395,PID_527452060
396,PID_527452070
397,PID_527452100
398,PID_527452150
399,PID_527452190
400,PID_527452290
401,PID_527452310
402,PID_527453010
403,PID_527453050
404,PID_527453070
405,PID_527453140
406,PID_527453150
407,PID_527453160
408,PID_527454050
409,PID_527454120
410,PID_527454130
411,PID_527454200
412,PID_527455030
413,PID_527455050
414,PID_527455060
415,PID_527455080
416,PID_527455090
417,PID_527455100
418,PID_527455250
419,PID_527455280
420,PID_528102010
421,PID_528102030
422,PID_528102040
423,PID_528102050
424,PID_528102090
425,PID_528102110
426,PID_528102130
427,PID_528102140
428,PID_528104080
429,PID_528106020
430,PID_528106040
431,PID_528106050
432,PID_528106070
433,PID_528106120
434,PID_528108010
435,PID_528108020
436,PID_528108070
437,PID_528108120
438,PID_528108130
439,PID_528108140
440,PID_528108150
441,PID_528108160
442,PID_528110010
443,PID_528110020
444,PID_528110040
445,PID_528110090
446,PID_528110100
447,PID_528110110
448,PID_528112010
449,PID_528112020
450,PID_528112040
451,PID_528114010
452,PID_528114040
453,PID_528114050
454,PID_528116010
455,PID_528116030
456,PID_528118010
457,PID_528118020
458,PID_528118030
459,PID_528118040
460,PID_528118050
461,PID_528118110
462,PID_528120010
463,PID_528120020
464,PID_528120030
465,PID_528120060
466,PID_528120090
467,PID_528120100
468,PID_528120110
469,PID_528120120
470,PID_528120130
471,PID_528120140
472,PID_528120150
473,PID_528120160
474,PID_528120170
475,PID_528138010
476,PID_528138020
477,PID_528138030
478,PID_528138060
479,PID_528142020
480,PID_528142040
481,PID_528142050
482,PID_528142060
483,PID_528142070
484,PID_528142090
485,PID_528142110
486,PID_528142130
487,PID_528142140
488,PID_528142150
489,PID_528144050
490,PID_528150040
491,PID_528150070
492,PID_528150080
493,PID_528150110
494,PID_528150120
495,PID_528164040
496,PID_528164060
497,PID_528166060
498,PID_528166090
499,PID_528166120
500,PID_528166150
501,PID_528168030
502,PID_528170040
503,PID_528170070
504,PID_528172020
505,PID_528172030
506,PID_528172050
507,PID_528172060
508,PID_528172070
509,PID_528172075
510,PID_528172080
511,PID_528174010
512,PID_528174030
513,PID_528174040
514,PID_528174050
515,PID_528174060
516,PID_528174070
517,PID_528174080
518,PID_528175010
519,PID_528175060
520,PID_528176010
521,PID_528176030
522,PID_528176070
523,PID_528178070
524,PID_528178090
525,PID_528180070
526,PID_528180110
527,PID_528180120
528,PID_528180130
529,PID_528181010
530,PID_528181030
531,PID_528181040
532,PID_528181050
533,PID_528181060
534,PID_528181070
535,PID_528181080
536,PID_528186010
537,PID_528186030
538,PID_528186050
539,PID_528186080
540,PID_528186090
541,PID_528186100
542,PID_528186120
543,PID_528186130
544,PID_528186160
545,PID_528186170
546,PID_528186190
547,PID_528188020
548,PID_528188040
549,PID_528188090
550,PID_528188120
551,PID_528188150
552,PID_528188160
553,PID_528218010
554,PID_528218020
555,PID_528218030
556,PID_528218050
557,PID_528218060
558,PID_528218080
559,PID_528218090
560,PID_528218100
561,PID_528218130
562,PID_528218140
563,PID_528218150
564,PID_528221030
565,PID_528221040
566,PID_528221060
567,PID_528221070
568,PID_528221090
569,PID_528221100
570,PID_528222010
571,PID_528222020
572,PID_528222040
573,PID_528222050
574,PID_528222060
575,PID_528222080
576,PID_528222090
577,PID_528228270
578,PID_528228280
579,PID_528228285
580,PID_528228290
581,PID_528228295
582,PID_528228325
583,PID_528228340
584,PID_528228345
585,PID_528228360
586,PID_528228375
587,PID_528228435
588,PID_528228445
589,PID_528228450
590,PID_528228460
591,PID_528228465
592,PID_528228545
593,PID_528228550
594,PID_528228555
595,PID_528228565
596,PID_528228575
597,PID_528228580
598,PID_528231010
599,PID_528231020
600,PID_528231030
601,PID_528231050
602,PID_528235000
603,PID_528235010
604,PID_528235020
605,PID_528235050
606,PID_528235090
607,PID_528235130
608,PID_528235160
609,PID_528235190
610,PID_528235200
611,PID_528240020
612,PID_528240030
613,PID_528240040
614,PID_528240050
615,PID_528240060
616,PID_528240070
617,PID_528240080
618,PID_528240130
619,PID_528240150
620,PID_528250010
621,PID_528250030
622,PID_528250040
623,PID_528250060
624,PID_528250070
625,PID_528250100
626,PID_528253020
627,PID_528275060
628,PID_528275070
629,PID_528275080
630,PID_528275110
631,PID_528275160
632,PID_528280100
633,PID_528280110
634,PID_528280130
635,PID_528280150
636,PID_528290030
637,PID_528290060
638,PID_528290090
639,PID_528290120
640,PID_528290140
641,PID_528290170
642,PID_528292020
643,PID_528292030
644,PID_528292060
645,PID_528292070
646,PID_528294010
647,PID_528294060
648,PID_528294070
649,PID_528315030
650,PID_528315080
651,PID_528315090
652,PID_528320050
653,PID_528321010
654,PID_528322020
655,PID_528326110
656,PID_528327010
657,PID_528327060
658,PID_528328100
659,PID_528340030
660,PID_528344040
661,PID_528344060
662,PID_528344070
663,PID_528344100
664,PID_528346050
665,PID_528348010
666,PID_528351010
667,PID_528354050
668,PID_528354060
669,PID_528354110
670,PID_528358010
671,PID_528358030
672,PID_528358040
673,PID_528360050
674,PID_528363020
675,PID_528363050
676,PID_528363070
677,PID_528363110
678,PID_528363130
679,PID_528364110
680,PID_528365060
681,PID_528365080
682,PID_528366040
683,PID_528366070
684,PID_528376010
685,PID_528382020
686,PID_528382030
687,PID_528386040
688,PID_528387030
689,PID_528387050
690,PID_528390100
691,PID_528390210
692,PID_528427010
693,PID_528427020
694,PID_528427040
695,PID_528427070
696,PID_528427100
697,PID_528429050
698,PID_528429070
699,PID_528429080
700,PID_528429090
701,PID_528429110
702,PID_528429120
703,PID_528429130
704,PID_528431020
705,PID_528431040
706,PID_528431050
707,PID_528431060
708,PID_528431070
709,PID_528431080
710,PID_528431110
711,PID_528431120
712,PID_528435010
713,PID_528435020
714,PID_528435030
715,PID_528435040
716,PID_528435050
717,PID_528435060
718,PID_528435070
719,PID_528439010
720,PID_528439030
721,PID_528439040
722,PID_528439060
723,PID_528439080
724,PID_528441020
725,PID_528441080
726,PID_528441090
727,PID_528445010
728,PID_528445060
729,PID_528445070
730,PID_528456160
731,PID_528456190
732,PID_528456200
733,PID_528456220
734,PID_528456230
735,PID_528456240
736,PID_528458020
737,PID_528458030
738,PID_528458040
739,PID_528458050
740,PID_528458060
741,PID_528458070
742,PID_528458080
743,PID_528458090
744,PID_528458120
745,PID_528458140
746,PID_528458150
747,PID_528458160
748,PID_528458180
749,PID_528462040
750,PID_528477010
751,PID_528477020
752,PID_528477030
753,PID_528477040
754,PID_528477050
755,PID_528477070
756,PID_528478030
757,PID_528478040
758,PID_528480020
759,PID_528480040
760,PID_528480060
761,PID_528480070
762,PID_528480090
763,PID_528480100
764,PID_528480110
765,PID_528480130
766,PID_528480150
767,PID_528480160
768,PID_528482010
769,PID_528482020
770,PID_528482030
771,PID_528482040
772,PID_528482090
773,PID_528488100
774,PID_528488110
775,PID_528488120
776,PID_528488130
777,PID_528488140
778,PID_528490070
779,PID_528490080
780,PID_531363010
781,PID_531363020
782,PID_531363030
783,PID_531363040
784,PID_531363050
785,PID_531363060
786,PID_531363080
787,PID_531367010
788,PID_531367050
789,PID_531369010
790,PID_531369020
791,PID_531369060
792,PID_531371050
793,PID_531371070
794,PID_531373060
795,PID_531375040
796,PID_531375050
797,PID_531375060
798,PID_531375090
799,PID_531375100
800,PID_531375110
801,PID_531375120
802,PID_531375130
803,PID_531375140
804,PID_531376010
805,PID_531376060
806,PID_531376090
807,PID_531380080
808,PID_531380110
809,PID_531382070
810,PID_531382110
811,PID_531382120
812,PID_531384030
813,PID_531385060
814,PID_531385070
815,PID_531385130
816,PID_531450030
817,PID_531450090
818,PID_531450120
819,PID_531450170
820,PID_531451030
821,PID_531451110
822,PID_531451150
823,PID_531451290
824,PID_531452020
825,PID_531452050
826,PID_531452070
827,PID_531452080
828,PID_531452100
829,PID_531452140
830,PID_531452180
831,PID_531452210
832,PID_531452260
833,PID_531453010
834,PID_531453040
835,PID_531453100
836,PID_531453140
837,PID_531475220
838,PID_531477020
839,PID_531477050
840,PID_531479020
841,PID_531479030
842,PID_532351050
843,PID_532351060
844,PID_532351140
845,PID_532351150
846,PID_532353020
847,PID_532353030
848,PID_532353050
849,PID_532353130
850,PID_532353180
851,PID_532354060
852,PID_532354070
853,PID_532354090
854,PID_532354160
855,PID_532354230
856,PID_532376040
857,PID_532376080
858,PID_532376090
859,PID_532376110
860,PID_532376160
861,PID_532376170
862,PID_532376180
863,PID_532376250
864,PID_532377020
865,PID_532377050
866,PID_532377060
867,PID_532377100
868,PID_532377130
869,PID_532377140
870,PID_532378050
871,PID_532378070
872,PID_532378110
873,PID_532378120
874,PID_532378130
875,PID_532378160
876,PID_532378200
877,PID_532378220
878,PID_532378240
879,PID_532476050
880,PID_532476080
881,PID_532477030
882,PID_532477040
883,PID_532478020
884,PID_532479020
885,PID_532479050
886,PID_532479070
887,PID_533110130
888,PID_533120030
889,PID_533125080
890,PID_533127080
891,PID_533128030
892,PID_533128090
893,PID_533130020
894,PID_533130130
895,PID_533130170
896,PID_533135020
897,PID_533205060
898,PID_533205110
899,PID_533206050
900,PID_533208010
901,PID_533208020
902,PID_533208030
903,PID_533208040
904,PID_533208070
905,PID_533208080
906,PID_533208090
907,PID_533210060
908,PID_533212010
909,PID_533212020
910,PID_533212050
911,PID_533212110
912,PID_533212120
913,PID_533212140
914,PID_533212150
915,PID_533213010
916,PID_533213030
917,PID_533213070
918,PID_533213120
919,PID_533213130
920,PID_533213140
921,PID_533215020
922,PID_533215030
923,PID_533215040
924,PID_533215070
925,PID_533215080
926,PID_533217050
927,PID_533217060
928,PID_533221030
929,PID_533221040
930,PID_533221060
931,PID_533221080
932,PID_533221090
933,PID_533221100
934,PID_533221110
935,PID_533223010
936,PID_533223020
937,PID_533223050
938,PID_533223080
939,PID_533223100
940,PID_533223110
941,PID_533234020
942,PID_533236040
943,PID_533236050
944,PID_533236060
945,PID_533236070
946,PID_533236090
947,PID_533241010
948,PID_533241030
949,PID_533242030
950,PID_533242080
951,PID_533242090
952,PID_533244030
953,PID_533250050
954,PID_533250110
955,PID_533250130
956,PID_533250160
957,PID_533250190
958,PID_533251120
959,PID_533252040
960,PID_533252130
961,PID_533253030
962,PID_533253050
963,PID_533253060
964,PID_533253070
965,PID_533253090
966,PID_533253160
967,PID_533253180
968,PID_533253210
969,PID_533254050
970,PID_533254100
971,PID_533254110
972,PID_533350020
973,PID_533350050
974,PID_533350090
975,PID_533350120
976,PID_533352075
977,PID_533352170
978,PID_534102025
979,PID_534104090
980,PID_534104100
981,PID_534125080
982,PID_534125120
983,PID_534125210
984,PID_534126060
985,PID_534126090
986,PID_534127080
987,PID_534127130
988,PID_534127140
989,PID_534127170
990,PID_534127190
991,PID_534127210
992,PID_534127230
993,PID_534127260
994,PID_534127270
995,PID_534128010
996,PID_534128020
997,PID_534128050
998,PID_534128090
999,PID_534128100
1000,PID_534128190
1001,PID_534128210
1002,PID_534129040
1003,PID_534129060
1004,PID_534129080
1005,PID_534129230
1006,PID_534129370
1007,PID_534129380
1008,PID_534151090
1009,PID_534151120
1010,PID_534151175
1011,PID_534151180
1012,PID_534152050
1013,PID_534152100
1014,PID_534152120
1015,PID_534175010
1016,PID_534175080
1017,PID_534175100
1018,PID_534176060
1019,PID_534176140
1020,PID_534176230
1021,PID_534176250
1022,PID_534177210
1023,PID_534177230
1024,PID_534178010
1025,PID_534200030
1026,PID_534201040
1027,PID_534201130
1028,PID_534201230
1029,PID_534201240
1030,PID_534201250
1031,PID_534201280
1032,PID_534201300
1033,PID_534202030
1034,PID_534202130
1035,PID_534202170
1036,PID_534204030
1037,PID_534204120
1038,PID_534225110
1039,PID_534226060
1040,PID_534226120
1041,PID_534250010
1042,PID_534250300
1043,PID_534250335
1044,PID_534250400
1045,PID_534250410
1046,PID_534251030
1047,PID_534251280
1048,PID_534252040
1049,PID_534252070
1050,PID_534252090
1051,PID_534252110
1052,PID_534252240
1053,PID_534252270
1054,PID_534275010
1055,PID_534275170
1056,PID_534275220
1057,PID_534276070
1058,PID_534276160
1059,PID_534276180
1060,PID_534276190
1061,PID_534276290
1062,PID_534276360
1063,PID_534277060
1064,PID_534277070
1065,PID_534277090
1066,PID_534278070
1067,PID_534278150
1068,PID_534278170
1069,PID_534278190
1070,PID_534278230
1071,PID_534400030
1072,PID_534400050
1073,PID_534400060
1074,PID_534400120
1075,PID_534400290
1076,PID_534401110
1077,PID_534401120
1078,PID_534401130
1079,PID_534401140
1080,PID_534401190
1081,PID_534401200
1082,PID_534402060
1083,PID_534402140
1084,PID_534402170
1085,PID_534403050
1086,PID_534403080
1087,PID_534403100
1088,PID_534403260
1089,PID_534403280
1090,PID_534403290
1091,PID_534403360
1092,PID_534403370
1093,PID_534403400
1094,PID_534403410
1095,PID_534403420
1096,PID_534425015
1097,PID_534425080
1098,PID_534426040
1099,PID_534426110
1100,PID_534427010
1101,PID_534427040
1102,PID_534427140
1103,PID_534428020
1104,PID_534428060
1105,PID_534428100
1106,PID_534429030
1107,PID_534429150
1108,PID_534430050
1109,PID_534430080
1110,PID_534430090
1111,PID_534430110
1112,PID_534431030
1113,PID_534431050
1114,PID_534431070
1115,PID_534431130
1116,PID_534450090
1117,PID_534450150
1118,PID_534450180
1119,PID_534451020
1120,PID_534451050
1121,PID_534451080
1122,PID_534451120
1123,PID_534451130
1124,PID_534451150
1125,PID_534451170
1126,PID_534452060
1127,PID_534453080
1128,PID_534453140
1129,PID_534455030
1130,PID_534455080
1131,PID_534475100
1132,PID_534475160
1133,PID_534475170
1134,PID_534475250
1135,PID_534476080
1136,PID_534476100
1137,PID_534476260
1138,PID_534477030
1139,PID_534477080
1140,PID_534477110
1141,PID_534477270
1142,PID_534479120
1143,PID_534479130
1144,PID_534479140
1145,PID_534479150
1146,PID_534479300
1147,PID_534479320
1148,PID_535101020
1149,PID_535101120
1150,PID_535101150
1151,PID_535102010
1152,PID_535103050
1153,PID_535103070
1154,PID_535104020
1155,PID_535104120
1156,PID_535105030
1157,PID_535105060
1158,PID_535105090
1159,PID_535105100
1160,PID_535105110
1161,PID_535105160
1162,PID_535106140
1163,PID_535106180
1164,PID_535106190
1165,PID_535125010
1166,PID_535125070
1167,PID_535125090
1168,PID_535126010
1169,PID_535126140
1170,PID_535126180
1171,PID_535150070
1172,PID_535150210
1173,PID_535150240
1174,PID_535150280
1175,PID_535150300
1176,PID_535151040
1177,PID_535151080
1178,PID_535151100
1179,PID_535151110
1180,PID_535151130
1181,PID_535152050
1182,PID_535152060
1183,PID_535152070
1184,PID_535152130
1185,PID_535152150
1186,PID_535152230
1187,PID_535152250
1188,PID_535153070
1189,PID_535154050
1190,PID_535154060
1191,PID_535154080
1192,PID_535154130
1193,PID_535155110
1194,PID_535175030
1195,PID_535175050
1196,PID_535175070
1197,PID_535175180
1198,PID_535176070
1199,PID_535176100
1200,PID_535177020
1201,PID_535177100
1202,PID_535177110
1203,PID_535178040
1204,PID_535178060
1205,PID_535178120
1206,PID_535179020
1207,PID_535179060
1208,PID_535179120
1209,PID_535180020
1210,PID_535180030
1211,PID_535180070
1212,PID_535180100
1213,PID_535180120
1214,PID_535181030
1215,PID_535181140
1216,PID_535300040
1217,PID_535300120
1218,PID_535301010
1219,PID_535301060
1220,PID_535301080
1221,PID_535301150
1222,PID_535301160
1223,PID_535301170
1224,PID_535302070
1225,PID_535302080
1226,PID_535302120
1227,PID_535302130
1228,PID_535302140
1229,PID_535302200
1230,PID_535303030
1231,PID_535303050
1232,PID_535303110
1233,PID_535304020
1234,PID_535304060
1235,PID_535304100
1236,PID_535304170
1237,PID_535304180
1238,PID_535305030
1239,PID_535305120
1240,PID_535305160
1241,PID_535305180
1242,PID_535325090
1243,PID_535325130
1244,PID_535325280
1245,PID_535325290
1246,PID_535325320
1247,PID_535325340
1248,PID_535325350
1249,PID_535325400
1250,PID_535325450
1251,PID_535325460
1252,PID_535327140
1253,PID_535327160
1254,PID_535327200
1255,PID_535327210
1256,PID_535327230
1257,PID_535350030
1258,PID_535351050
1259,PID_535352080
1260,PID_535352090
1261,PID_535353050
1262,PID_535353060
1263,PID_535353130
1264,PID_535353140
1265,PID_535353160
1266,PID_535353180
1267,PID_535353190
1268,PID_535353240
1269,PID_535354050
1270,PID_535354100
1271,PID_535354130
1272,PID_535354200
1273,PID_535354260
1274,PID_535355100
1275,PID_535375010
1276,PID_535375040
1277,PID_535375130
1278,PID_535375160
1279,PID_535376010
1280,PID_535376060
1281,PID_535376090
1282,PID_535376100
1283,PID_535377070
1284,PID_535377090
1285,PID_535377100
1286,PID_535377150
1287,PID_535378020
1288,PID_535378080
1289,PID_535378120
1290,PID_535379060
1291,PID_535379100
1292,PID_535379110
1293,PID_535380010
1294,PID_535380050
1295,PID_535380110
1296,PID_535380130
1297,PID_535380140
1298,PID_535381040
1299,PID_535381060
1300,PID_535382020
1301,PID_535382100
1302,PID_535382130
1303,PID_535382150
1304,PID_535383060
1305,PID_535383070
1306,PID_535383100
1307,PID_535383110
1308,PID_535383120
1309,PID_535401080
1310,PID_535402070
1311,PID_535402100
1312,PID_535402140
1313,PID_535402220
1314,PID_535402230
1315,PID_535402270
1316,PID_535402330
1317,PID_535403010
1318,PID_535403030
1319,PID_535403040
1320,PID_535403150
1321,PID_535403190
1322,PID_535403200
1323,PID_535403210
1324,PID_535404080
1325,PID_535425010
1326,PID_535425040
1327,PID_535425050
1328,PID_535425060
1329,PID_535425070
1330,PID_535425080
1331,PID_535426130
1332,PID_535426150
1333,PID_535426195
1334,PID_535426260
1335,PID_535427070
1336,PID_535450100
1337,PID_535450160
1338,PID_535450190
1339,PID_535450200
1340,PID_535450210
1341,PID_535450220
1342,PID_535450310
1343,PID_535451010
1344,PID_535451100
1345,PID_535451110
1346,PID_535451170
1347,PID_535451190
1348,PID_535451210
1349,PID_535451230
1350,PID_535451250
1351,PID_535452090
1352,PID_535452100
1353,PID_535452120
1354,PID_535453020
1355,PID_535453070
1356,PID_535453080
1357,PID_535453150
1358,PID_535453200
1359,PID_535453210
1360,PID_535454050
1361,PID_535454060
1362,PID_535454070
1363,PID_535454150
1364,PID_535455060
1365,PID_535455090
1366,PID_535456010
1367,PID_535456020
1368,PID_535456070
1369,PID_535456100
1370,PID_535456110
1371,PID_535457010
1372,PID_535457020
1373,PID_535457040
1374,PID_535457050
1375,PID_535457070
1376,PID_535457090
1377,PID_535476240
1378,PID_535476350
1379,PID_535476360
1380,PID_535476370
1381,PID_535477020
1382,PID_535477060
1383,PID_535477090
1384,PID_535477130
1385,PID_535477150
1386,PID_535477180
1387,PID_535478010
1388,PID_535478040
1389,PID_535478070
1390,PID_535478110
1391,PID_902100010
1392,PID_902100020
1393,PID_902100030
1394,PID_902100110
1395,PID_902100130
1396,PID_902101010
1397,PID_902101050
1398,PID_902102060
1399,PID_902103090
1400,PID_902103100
1401,PID_902103120
1402,PID_902103150
1403,PID_902103170
1404,PID_902104020
1405,PID_902104060
1406,PID_902105010
1407,PID_902105020
1408,PID_902105050
1409,PID_902105060
1410,PID_902105110
1411,PID_902105130
1412,PID_902106010
1413,PID_902106040
1414,PID_902106060
1415,PID_902106070
1416,PID_902106090
1417,PID_902106130
1418,PID_902106140
1419,PID_902107030
1420,PID_902107050
1421,PID_902108060
1422,PID_902109010
1423,PID_902109080
1424,PID_902109120
1425,PID_902109130
1426,PID_902109160
1427,PID_902110010
1428,PID_902110090
1429,PID_902110120
1430,PID_902111010
1431,PID_902125020
1432,PID_902125080
1433,PID_902125120
1434,PID_902125160
1435,PID_902128020
1436,PID_902128075
1437,PID_902128100
1438,PID_902128150
1439,PID_902128160
1440,PID_902128170
1441,PID_902134100
1442,PID_902134120
1443,PID_902135020
1444,PID_902136110
1445,PID_902201090
1446,PID_902201110
1447,PID_902201120
1448,PID_902201130
1449,PID_902201140
1450,PID_902202070
1451,PID_902202090
1452,PID_902202150
1453,PID_902204060
1454,PID_902204080
1455,PID_902205010
1456,PID_902205030
1457,PID_902205070
1458,PID_902205090
1459,PID_902205140
1460,PID_902206020
1461,PID_902206040
1462,PID_902206130
1463,PID_902206240
1464,PID_902206260
1465,PID_902206270
1466,PID_902207010
1467,PID_902207080
1468,PID_902207110
1469,PID_902207120
1470,PID_902207130
1471,PID_902207170
1472,PID_902207220
1473,PID_902300020
1474,PID_902300040
1475,PID_902300110
1476,PID_902300215
1477,PID_902300260
1478,PID_902301030
1479,PID_902301060
1480,PID_902301080
1481,PID_902301120
1482,PID_902301130
1483,PID_902301140
1484,PID_902302150
1485,PID_902303100
1486,PID_902304040
1487,PID_902304060
1488,PID_902305010
1489,PID_902305080
1490,PID_902305090
1491,PID_902305110
1492,PID_902306120
1493,PID_902306130
1494,PID_902325050
1495,PID_902325070
1496,PID_902325100
1497,PID_902325160
1498,PID_902326060
1499,PID_902327040
1500,PID_902327070
1501,PID_902328040
1502,PID_902328100
1503,PID_902329030
1504,PID_902329070
1505,PID_902329080
1506,PID_902329090
1507,PID_902330090
1508,PID_902332030
1509,PID_902400090
1510,PID_902400110
1511,PID_902401010
1512,PID_902401030
1513,PID_902401060
1514,PID_902401090
1515,PID_902401120
1516,PID_902401130
1517,PID_902402010
1518,PID_902402130
1519,PID_902402250
1520,PID_902402260
1521,PID_902403070
1522,PID_902404010
1523,PID_902405070
1524,PID_902405100
1525,PID_902405120
1526,PID_902406020
1527,PID_902406030
1528,PID_902406070
1529,PID_902406090
1530,PID_902427040
1531,PID_902427045
1532,PID_902427140
1533,PID_902427150
1534,PID_902456015
1535,PID_902477120
1536,PID_903201020
1537,PID_903201030
1538,PID_903201080
1539,PID_903201090
1540,PID_903202120
1541,PID_903202170
1542,PID_903204010
1543,PID_903204030
1544,PID_903204040
1545,PID_903204095
1546,PID_903205040
1547,PID_903205085
1548,PID_903206070
1549,PID_903206160
1550,PID_903206170
1551,PID_903225040
1552,PID_903225050
1553,PID_903225150
1554,PID_903225160
1555,PID_903226130
1556,PID_903226150
1557,PID_903226160
1558,PID_903226170
1559,PID_903227070
1560,PID_903227080
1561,PID_903227090
1562,PID_903227140
1563,PID_903228040
1564,PID_903228070
1565,PID_903228080
1566,PID_903228090
1567,PID_903228120
1568,PID_903228150
1569,PID_903229040
1570,PID_903230100
1571,PID_903230110
1572,PID_903230120
1573,PID_903231010
1574,PID_903231030
1575,PID_903231050
1576,PID_903231060
1577,PID_903231080
1578,PID_903231130
1579,PID_903231180
1580,PID_903231190
1581,PID_903231220
1582,PID_903231240
1583,PID_903232060
1584,PID_903232090
1585,PID_903232100
1586,PID_903232170
1587,PID_903232190
1588,PID_903233030
1589,PID_903233050
1590,PID_903233080
1591,PID_903233100
1592,PID_903233120
1593,PID_903233140
1594,PID_903233220
1595,PID_903234030
1596,PID_903234050
1597,PID_903234090
1598,PID_903234160
1599,PID_903235010
1600,PID_903235020
1601,PID_903235100
1602,PID_903236010
1603,PID_903236130
1604,PID_903400030
1605,PID_903400040
1606,PID_903400180
1607,PID_903400220
1608,PID_903401020
1609,PID_903401030
1610,PID_903401050
1611,PID_903401070
1612,PID_903425110
1613,PID_903425190
1614,PID_903425245
1615,PID_903425270
1616,PID_903425280
1617,PID_903425340
1618,PID_903425420
1619,PID_903426010
1620,PID_903426160
1621,PID_903426200
1622,PID_903427040
1623,PID_903427090
1624,PID_903427120
1625,PID_903429010
1626,PID_903429080
1627,PID_903430040
1628,PID_903430050
1629,PID_903430060
1630,PID_903430070
1631,PID_903430080
1632,PID_903430090
1633,PID_903450060
1634,PID_903450110
1635,PID_903451090
1636,PID_903451110
1637,PID_903452025
1638,PID_903452090
1639,PID_903453050
1640,PID_903454010
1641,PID_903454020
1642,PID_903454060
1643,PID_903454090
1644,PID_903454100
1645,PID_903455030
1646,PID_903455140
1647,PID_903456060
1648,PID_903456090
1649,PID_903456110
1650,PID_903456130
1651,PID_903457040
1652,PID_903457130
1653,PID_903458020
1654,PID_903458060
1655,PID_903458110
1656,PID_903458170
1657,PID_903475020
1658,PID_903475040
1659,PID_903475060
1660,PID_903475100
1661,PID_903476030
1662,PID_903476090
1663,PID_903476100
1664,PID_903476110
1665,PID_903481100
1666,PID_903481120
1667,PID_903481130
1668,PID_903484110
1669,PID_904100020
1670,PID_904100040
1671,PID_904100090
1672,PID_904100100
1673,PID_904100140
1674,PID_904100170
1675,PID_904100190
1676,PID_904101070
1677,PID_904101110
1678,PID_904101170
1679,PID_904300150
1680,PID_904301060
1681,PID_904301070
1682,PID_904301100
1683,PID_904301110
1684,PID_904301375
1685,PID_904302010
1686,PID_904302020
1687,PID_904302030
1688,PID_904302260
1689,PID_904350045
1690,PID_904351040
1691,PID_904351200
1692,PID_904351240
1693,PID_904351280
1694,PID_904352190
1695,PID_905100020
1696,PID_905100030
1697,PID_905100060
1698,PID_905100080
1699,PID_905101070
1700,PID_905101100
1701,PID_905101200
1702,PID_905101300
1703,PID_905101330
1704,PID_905101450
1705,PID_905101490
1706,PID_905102010
1707,PID_905102060
1708,PID_905102170
1709,PID_905103030
1710,PID_905103040
1711,PID_905103060
1712,PID_905103070
1713,PID_905103110
1714,PID_905103130
1715,PID_905103180
1716,PID_905104080
1717,PID_905104090
1718,PID_905104110
1719,PID_905104170
1720,PID_905104180
1721,PID_905104210
1722,PID_905105010
1723,PID_905105040
1724,PID_905105070
1725,PID_905105170
1726,PID_905105190
1727,PID_905105200
1728,PID_905105260
1729,PID_905106140
1730,PID_905106210
1731,PID_905107070
1732,PID_905107110
1733,PID_905107220
1734,PID_905107240
1735,PID_905107250
1736,PID_905107280
1737,PID_905107300
1738,PID_905107310
1739,PID_905107380
1740,PID_905108090
1741,PID_905108120
1742,PID_905108170
1743,PID_905108190
1744,PID_905108220
1745,PID_905109170
1746,PID_905200010
1747,PID_905200090
1748,PID_905200160
1749,PID_905200220
1750,PID_905200260
1751,PID_905200280
1752,PID_905200290
1753,PID_905200340
1754,PID_905200350
1755,PID_905200380
1756,PID_905200490
1757,PID_905200510
1758,PID_905201020
1759,PID_905201030
1760,PID_905201080
1761,PID_905201110
1762,PID_905201120
1763,PID_905202090
1764,PID_905202190
1765,PID_905202210
1766,PID_905202230
1767,PID_905225020
1768,PID_905225080
1769,PID_905226030
1770,PID_905226050
1771,PID_905226080
1772,PID_905226110
1773,PID_905226130
1774,PID_905226170
1775,PID_905227050
1776,PID_905228020
1777,PID_905228050
1778,PID_905300010
1779,PID_905300020
1780,PID_905300080
1781,PID_905301050
1782,PID_905325020
1783,PID_905325030
1784,PID_905351045
1785,PID_905351089
1786,PID_905351150
1787,PID_905352010
1788,PID_905352070
1789,PID_905352140
1790,PID_905352180
1791,PID_905376090
1792,PID_905377020
1793,PID_905377050
1794,PID_905377130
1795,PID_905401020
1796,PID_905401045
1797,PID_905401060
1798,PID_905401100
1799,PID_905402060
1800,PID_905402070
1801,PID_905402090
1802,PID_905402110
1803,PID_905403050
1804,PID_905403060
1805,PID_905403150
1806,PID_905425125
1807,PID_905426030
1808,PID_905426060
1809,PID_905426100
1810,PID_905426200
1811,PID_905427010
1812,PID_905427030
1813,PID_905427050
1814,PID_905427070
1815,PID_905427140
1816,PID_905450020
1817,PID_905451050
1818,PID_905451300
1819,PID_905451320
1820,PID_905451340
1821,PID_905451390
1822,PID_905451410
1823,PID_905452050
1824,PID_905452070
1825,PID_905452110
1826,PID_905452150
1827,PID_905452160
1828,PID_905453040
1829,PID_905453080
1830,PID_905475150
1831,PID_905475270
1832,PID_905475500
1833,PID_905475520
1834,PID_905476120
1835,PID_905476160
1836,PID_905476170
1837,PID_905476225
1838,PID_905476230
1839,PID_905477010
1840,PID_905477050
1841,PID_905478030
1842,PID_905478140
1843,PID_905478190
1844,PID_905478220
1845,PID_905479110
1846,PID_905480030
1847,PID_905480090
1848,PID_905480150
1849,PID_905480160
1850,PID_905480180
1851,PID_905480210
1852,PID_905480240
1853,PID_906200230
1854,PID_906201021
1855,PID_906201022
1856,PID_906201023
1857,PID_906201030
1858,PID_906201050
1859,PID_906201130
1860,PID_906202040
1861,PID_906203120
1862,PID_906203140
1863,PID_906204140
1864,PID_906204150
1865,PID_906204180
1866,PID_906204230
1867,PID_906204280
1868,PID_906223060
1869,PID_906223080
1870,PID_906223090
1871,PID_906223110
1872,PID_906223140
1873,PID_906223180
1874,PID_906223210
1875,PID_906223220
1876,PID_906225180
1877,PID_906226060
1878,PID_906226070
1879,PID_906226080
1880,PID_906226090
1881,PID_906226100
1882,PID_906226110
1883,PID_906226130
1884,PID_906226140
1885,PID_906230010
1886,PID_906230020
1887,PID_906340080
1888,PID_906340100
1889,PID_906340110
1890,PID_906340130
1891,PID_906378100
1892,PID_906378110
1893,PID_906378120
1894,PID_906378150
1895,PID_906378170
1896,PID_906378190
1897,PID_906380010
1898,PID_906380030
1899,PID_906380050
1900,PID_906380060
1901,PID_906380070
1902,PID_906380100
1903,PID_906380110
1904,PID_906380130
1905,PID_906380140
1906,PID_906380150
1907,PID_906380160
1908,PID_906380170
1909,PID_906380180
1910,PID_906380190
1911,PID_906380200
1912,PID_906380210
1913,PID_906380220
1914,PID_906382020
1915,PID_906382030
1916,PID_906382040
1917,PID_906382050
1918,PID_906382060
1919,PID_906385010
1920,PID_906392070
1921,PID_906392080
1922,PID_906392090
1923,PID_906392100
1924,PID_906392110
1925,PID_906392120
1926,PID_906394010
1927,PID_906394020
1928,PID_906394050
1929,PID_906394060
1930,PID_906402060
1931,PID_906402070
1932,PID_906403060
1933,PID_906412010
1934,PID_906412050
1935,PID_906420020
1936,PID_906424010
1937,PID_906425045
1938,PID_906426060
1939,PID_906426090
1940,PID_906426195
1941,PID_906426210
1942,PID_906475050
1943,PID_906475070
1944,PID_906475100
1945,PID_906475110
1946,PID_906475170
1947,PID_906475200
1948,PID_906476030
1949,PID_906476140
1950,PID_906477110
1951,PID_907125020
1952,PID_907125080
1953,PID_907125090
1954,PID_907125120
1955,PID_907126010
1956,PID_907126030
1957,PID_907130060
1958,PID_907130100
1959,PID_907130110
1960,PID_907131060
1961,PID_907131070
1962,PID_907131120
1963,PID_907131190
1964,PID_907135040
1965,PID_907135050
1966,PID_907135170
1967,PID_907135180
1968,PID_907135260
1969,PID_907175030
1970,PID_907175060
1971,PID_907175080
1972,PID_907175100
1973,PID_907176010
1974,PID_907180040
1975,PID_907180050
1976,PID_907180120
1977,PID_907180130
1978,PID_907181090
1979,PID_907181100
1980,PID_907181120
1981,PID_907181140
1982,PID_907185050
1983,PID_907185060
1984,PID_907187010
1985,PID_907187030
1986,PID_907187040
1987,PID_907187060
1988,PID_907187080
1989,PID_907192010
1990,PID_907192020
1991,PID_907192030
1992,PID_907192040
1993,PID_907192130
1994,PID_907192150
1995,PID_907194010
1996,PID_907194020
1997,PID_907194130
1998,PID_907196020
1999,PID_907196040
2000,PID_907196050
2001,PID_907196060
2002,PID_907200110
2003,PID_907200130
2004,PID_907200170
2005,PID_907200190
2006,PID_907200230
2007,PID_907200250
2008,PID_907200270
2009,PID_907200290
2010,PID_907200340
2011,PID_907201060
2012,PID_907201160
2013,PID_907201220
2014,PID_907201230
2015,PID_907201280
2016,PID_907202010
2017,PID_907202050
2018,PID_907202080
2019,PID_907202100
2020,PID_907202130
2021,PID_907202140
2022,PID_907202160
2023,PID_907202220
2024,PID_907202240
2025,PID_907203010
2026,PID_907203040
2027,PID_907203060
2028,PID_907203070
2029,PID_907203090
2030,PID_907203110
2031,PID_907227030
2032,PID_907227050
2033,PID_907227060
2034,PID_907227080
2035,PID_907227090
2036,PID_907227100
2037,PID_907227110
2038,PID_907227300
2039,PID_907230240
2040,PID_907250020
2041,PID_907250070
2042,PID_907251090
2043,PID_907251100
2044,PID_907252020
2045,PID_907252060
2046,PID_907252120
2047,PID_907252190
2048,PID_907252210
2049,PID_907252220
2050,PID_907253060
2051,PID_907253110
2052,PID_907253130
2053,PID_907254050
2054,PID_907254090
2055,PID_907255010
2056,PID_907255020
2057,PID_907255030
2058,PID_907255050
2059,PID_907255060
2060,PID_907260010
2061,PID_907260030
2062,PID_907260050
2063,PID_907262020
2064,PID_907262030
2065,PID_907262050
2066,PID_907262060
2067,PID_907262070
2068,PID_907265010
2069,PID_907265030
2070,PID_907265100
2071,PID_907270040
2072,PID_907270050
2073,PID_907275010
2074,PID_907275030
2075,PID_907275090
2076,PID_907275140
2077,PID_907275150
2078,PID_907280040
2079,PID_907280090
2080,PID_907280100
2081,PID_907280170
2082,PID_907285010
2083,PID_907285020
2084,PID_907285040
2085,PID_907285080
2086,PID_907290040
2087,PID_907290070
2088,PID_907290080
2089,PID_907290090
2090,PID_907290140
2091,PID_907290150
2092,PID_907290160
2093,PID_907290170
2094,PID_907290180
2095,PID_907290230
2096,PID_907290240
2097,PID_907290250
2098,PID_907290260
2099,PID_907295020
2100,PID_907295040
2101,PID_907401050
2102,PID_907401060
2103,PID_907401080
2104,PID_907401090
2105,PID_907405020
2106,PID_907405030
2107,PID_907405130
2108,PID_907405140
2109,PID_907410080
2110,PID_907410110
2111,PID_907412010
2112,PID_907412020
2113,PID_907412040
2114,PID_907412070
2115,PID_907412080
2116,PID_907412090
2117,PID_907414020
2118,PID_907414030
2119,PID_907414040
2120,PID_907414060
2121,PID_907414070
2122,PID_907418020
2123,PID_907418040
2124,PID_907420060
2125,PID_907420070
2126,PID_907420080
2127,PID_907420090
2128,PID_907420110
2129,PID_907425010
2130,PID_907425015
2131,PID_907425030
2132,PID_907425035
2133,PID_908102020
2134,PID_908102030
2135,PID_908102040
2136,PID_908102050
2137,PID_908102060
2138,PID_908102100
2139,PID_908102110
2140,PID_908102130
2141,PID_908102160
2142,PID_908102260
2143,PID_908102270
2144,PID_908102300
2145,PID_908102330
2146,PID_908103090
2147,PID_908103310
2148,PID_908103320
2149,PID_908103350
2150,PID_908127040
2151,PID_908127050
2152,PID_908127060
2153,PID_908127070
2154,PID_908127100
2155,PID_908127120
2156,PID_908128050
2157,PID_908128060
2158,PID_908128100
2159,PID_908128110
2160,PID_908130020
2161,PID_908151050
2162,PID_908152035
2163,PID_908152070
2164,PID_908152080
2165,PID_908152100
2166,PID_908152110
2167,PID_908152180
2168,PID_908152260
2169,PID_908152270
2170,PID_908152280
2171,PID_908152290
2172,PID_908154080
2173,PID_908154195
2174,PID_908154235
2175,PID_908178050
2176,PID_908186040
2177,PID_908186050
2178,PID_908186060
2179,PID_908186080
2180,PID_908186090
2181,PID_908188110
2182,PID_908188120
2183,PID_908188130
2184,PID_908188140
2185,PID_908188150
2186,PID_908201040
2187,PID_908201100
2188,PID_908201110
2189,PID_908201120
2190,PID_908203090
2191,PID_908203100
2192,PID_908204090
2193,PID_908204160
2194,PID_908208020
2195,PID_908225180
2196,PID_908225240
2197,PID_908225310
2198,PID_908225320
2199,PID_908225370
2200,PID_908226120
2201,PID_908226130
2202,PID_908226180
2203,PID_908227040
2204,PID_908228040
2205,PID_908229020
2206,PID_908250030
2207,PID_908250040
2208,PID_908250090
2209,PID_908250100
2210,PID_908275090
2211,PID_908275130
2212,PID_908275180
2213,PID_908275200
2214,PID_908275280
2215,PID_908275290
2216,PID_908275300
2217,PID_908276150
2218,PID_908276230
2219,PID_909100080
2220,PID_909100110
2221,PID_909100150
2222,PID_909101010
2223,PID_909101060
2224,PID_909101070
2225,PID_909101080
2226,PID_909101100
2227,PID_909101140
2228,PID_909101180
2229,PID_909101190
2230,PID_909101330
2231,PID_909103020
2232,PID_909129100
2233,PID_909131125
2234,PID_909175030
2235,PID_909175050
2236,PID_909175080
2237,PID_909175100
2238,PID_909176080
2239,PID_909176140
2240,PID_909176170
2241,PID_909176180
2242,PID_909177120
2243,PID_909178160
2244,PID_909201110
2245,PID_909201180
2246,PID_909250030
2247,PID_909250060
2248,PID_909250070
2249,PID_909250080
2250,PID_909250120
2251,PID_909250150
2252,PID_909250160
2253,PID_909250200
2254,PID_909250220
2255,PID_909250230
2256,PID_909251030
2257,PID_909251040
2258,PID_909251080
2259,PID_909251090
2260,PID_909252150
2261,PID_909252170
2262,PID_909252220
2263,PID_909253010
2264,PID_909253080
2265,PID_909253180
2266,PID_909253190
2267,PID_909254010
2268,PID_909254050
2269,PID_909254070
2270,PID_909254090
2271,PID_909254140
2272,PID_909256020
2273,PID_909256060
2274,PID_909256120
2275,PID_909257050
2276,PID_909275030
2277,PID_909275050
2278,PID_909275080
2279,PID_909275110
2280,PID_909275160
2281,PID_909276110
2282,PID_909276160
2283,PID_909276170
2284,PID_909276210
2285,PID_909277040
2286,PID_909277070
2287,PID_909277090
2288,PID_909278020
2289,PID_909279010
2290,PID_909279040
2291,PID_909280030
2292,PID_909280070
2293,PID_909281010
2294,PID_909281020
2295,PID_909281030
2296,PID_909281080
2297,PID_909281110
2298,PID_909281130
2299,PID_909282060
2300,PID_909282110
2301,PID_909282130
2302,PID_909425010
2303,PID_909425085
2304,PID_909425120
2305,PID_909425130
2306,PID_909425140
2307,PID_909425180
2308,PID_909425270
2309,PID_909426060
2310,PID_909426080
2311,PID_909426090
2312,PID_909427200
2313,PID_909428110
2314,PID_909428120
2315,PID_909428170
2316,PID_909428190
2317,PID_909428240
2318,PID_909428340
2319,PID_909451020
2320,PID_909451040
2321,PID_909451130
2322,PID_909451140
2323,PID_909452050
2324,PID_909452102
2325,PID_909452114
2326,PID_909455040
2327,PID_909455060
2328,PID_909475020
2329,PID_909475050
2330,PID_909475070
2331,PID_909475140
2332,PID_909475230
2333,PID_910200020
2334,PID_910200080
2335,PID_910200110
2336,PID_910201020
2337,PID_910201050
2338,PID_910201110
2339,PID_910201130
2340,PID_910201180
2341,PID_910202030
2342,PID_910202050
2343,PID_910202060
2344,PID_910202070
2345,PID_910202100
2346,PID_910203020
2347,PID_910203090
2348,PID_910203100
2349,PID_910203230
2350,PID_910203290
2351,PID_910204050
2352,PID_910204090
2353,PID_910205010
2354,PID_910205020
2355,PID_910205120
2356,PID_910205130
2357,PID_910206010
2358,PID_910206110
2359,PID_910207110
2360,PID_910226040
2361,PID_910226060
2362,PID_910251050
2363,PID_911102170
2364,PID_911102180
2365,PID_911103050
2366,PID_911103060
2367,PID_911104060
2368,PID_911128020
2369,PID_911128180
2370,PID_911175410
2371,PID_911175430
2372,PID_911204100
2373,PID_911225110
2374,PID_911226010
2375,PID_911226030
2376,PID_911370410
2377,PID_911370430
2378,PID_911370450
2379,PID_911370460
2380,PID_911370500
2381,PID_911370510
2382,PID_911370520
2383,PID_911370530
2384,PID_911370540
2385,PID_912251110
2386,PID_913350030
2387,PID_914452060
2388,PID_914452090
2389,PID_914452120
2390,PID_914452190
2391,PID_914453045
2392,PID_914460020
2393,PID_914460110
2394,PID_914465020
2395,PID_914465040
2396,PID_914465055
2397,PID_914465060
2398,PID_914467040
2399,PID_914467050
2400,PID_914474020
2401,PID_914474070
2402,PID_914475010
2403,PID_914475020
2404,PID_914475030
2405,PID_914475090
2406,PID_914476020
2407,PID_914476050
2408,PID_914476080
2409,PID_914476130
2410,PID_914476330
2411,PID_914476380
2412,PID_914476430
2413,PID_914476450
2414,PID_914476500
2415,PID_914478045
2416,PID_914478100
2417,PID_914478110
2418,PID_916125360
2419,PID_916125425
2420,PID_916176030
2421,PID_916176125
2422,PID_916225130
2423,PID_916226030
2424,PID_916226090
2425,PID_916252170
2426,PID_916253320
2427,PID_916325040
2428,PID_916325080
2429,PID_916326040
2430,PID_916326090
2431,PID_916380070
2432,PID_916382100
2433,PID_916382110
2434,PID_916382120
2435,PID_916384070
2436,PID_916384080
2437,PID_916384100
2438,PID_916384150
2439,PID_916386010
2440,PID_916386020
2441,PID_916386040
2442,PID_916386080
2443,PID_916386090
2444,PID_916386170
2445,PID_916386180
2446,PID_916402015
2447,PID_916402115
2448,PID_916402125
2449,PID_916402215
2450,PID_916403020
2451,PID_916403040
2452,PID_916403130
2453,PID_916403200
2454,PID_916403230
2455,PID_916403250
2456,PID_916403290
2457,PID_916455010
2458,PID_916455070
2459,PID_916455110
2460,PID_916455150
2461,PID_916455170
2462,PID_916460020
2463,PID_916460060
2464,PID_916460070
2465,PID_916460110
2466,PID_916475020
2467,PID_916475040
2468,PID_916475100
2469,PID_916477010
2470,PID_916477020
2471,PID_916477060
2472,PID_917425190
2473,PID_921126010
2474,PID_921126030
2475,PID_921128020
2476,PID_921128030
2477,PID_921128050
2478,PID_921201060
2479,PID_921205050
2480,PID_923125030
2481,PID_923201020
2482,PID_923201100
2483,PID_923202005
2484,PID_923202015
2485,PID_923202060
2486,PID_923202105
2487,PID_923202134
2488,PID_923202137
2489,PID_923202220
2490,PID_923203010
2491,PID_923203090
2492,PID_923203110
2493,PID_923203140
2494,PID_923203190
2495,PID_923204050
2496,PID_923204140
2497,PID_923204150
2498,PID_923205015
2499,PID_923205025
2500,PID_923205120
2501,PID_923225040
2502,PID_923225050
2503,PID_923225080
2504,PID_923225150
2505,PID_923225190
2506,PID_923225200
2507,PID_923225240
2508,PID_923225310
2509,PID_923225360
2510,PID_923225370
2511,PID_923225390
2512,PID_923225440
2513,PID_923225490
2514,PID_923225510
2515,PID_923226150
2516,PID_923226180
2517,PID_923226250
2518,PID_923226270
2519,PID_923226300
2520,PID_923226320
2521,PID_923227030
2522,PID_923227080
2523,PID_923227100
2524,PID_923228080
2525,PID_923228150
2526,PID_923228180
2527,PID_923228200
2528,PID_923228220
2529,PID_923228250
2530,PID_923228260
2531,PID_923228270
2532,PID_923228290
2533,PID_923228390
2534,PID_923228420
2535,PID_923229010
2536,PID_923229040
2537,PID_923229100
2538,PID_923229110
2539,PID_923229140
2540,PID_923230010
2541,PID_923230040
2542,PID_923230120
2543,PID_923230180
2544,PID_923230200
2545,PID_923250060
2546,PID_923250210
2547,PID_923251080
2548,PID_923251160
2549,PID_923251180
2550,PID_923275010
2551,PID_923275040
2552,PID_923275080
2553,PID_923275090
2554,PID_923276030
2555,PID_923276100
2556,PID_923276250
2557,PID_923276260
2558,PID_923277040
2559,PID_923400025
2560,PID_923400040
2561,PID_923400110
2562,PID_923400125
2563,PID_923400150
2564,PID_923425030
2565,PID_923426010
2566,PID_923426070
2567,PID_924100020
2568,PID_924100040
2569,PID_924100050
2570,PID_924100060
2571,PID_924100070
2572,PID_924151040
2573,PID_924151050
2574,PID_924152030
2575,PID_1007100110
2576,Roof Matl_ClyTile
2577,Roof Matl_CompShg
2578,Roof Matl_Membran
2579,Roof Matl_Metal
2580,Roof Matl_Tar&Grv
2581,Roof Matl_WdShake
2582,Roof Matl_WdShngl
2583,Neighborhood_Blmngtn
2584,Neighborhood_Blueste
2585,Neighborhood_BrDale
2586,Neighborhood_BrkSide
2587,Neighborhood_ClearCr
2588,Neighborhood_CollgCr
2589,Neighborhood_Crawfor
2590,Neighborhood_Edwards
2591,Neighborhood_Gilbert
2592,Neighborhood_Greens
2593,Neighborhood_GrnHill
2594,Neighborhood_IDOTRR
2595,Neighborhood_Landmrk
2596,Neighborhood_MeadowV
2597,Neighborhood_Mitchel
2598,Neighborhood_NAmes
2599,Neighborhood_NPkVill
2600,Neighborhood_NWAmes
2601,Neighborhood_NoRidge
2602,Neighborhood_NridgHt
2603,Neighborhood_OldTown
2604,Neighborhood_SWISU
2605,Neighborhood_Sawyer
2606,Neighborhood_SawyerW
2607,Neighborhood_Somerst
2608,Neighborhood_StoneBr
2609,Neighborhood_Timber
2610,Neighborhood_Veenker
2611,Lot Config_Corner
2612,Lot Config_CulDSac
2613,Lot Config_FR2
2614,Lot Config_FR3
2615,Lot Config_Inside
2616,Exterior 1st_AsbShng
2617,Exterior 1st_AsphShn
2618,Exterior 1st_BrkComm
2619,Exterior 1st_BrkFace
2620,Exterior 1st_CBlock
2621,Exterior 1st_CemntBd
2622,Exterior 1st_HdBoard
2623,Exterior 1st_ImStucc
2624,Exterior 1st_MetalSd
2625,Exterior 1st_Plywood
2626,Exterior 1st_PreCast
2627,Exterior 1st_Stone
2628,Exterior 1st_Stucco
2629,Exterior 1st_VinylSd
2630,Exterior 1st_Wd Sdng
2631,Exterior 1st_WdShing
2632,Fireplaces_0
2633,Fireplaces_1
2634,Heating_Floor
2635,Heating_GasA
2636,Heating_GasW
2637,Heating_Grav
2638,Heating_OthW
2639,Heating_Wall
